period_id,weight,hour_period
3,232.8462,2025-07-12 20:14:07.057608+00:00
3,1035.9774,2025-07-12 20:14:14.371236+00:00
3,280.4562,2025-07-12 20:16:47.952471+00:00
3,328.9599,2025-07-12 20:16:55.262197+00:00
3,664.833,2025-07-12 20:17:02.563104+00:00
3,662.122,2025-07-12 20:17:09.865513+00:00
3,660.9758,2025-07-12 20:17:17.172944+00:00
3,657.8751,2025-07-12 20:17:24.480679+00:00
3,653.9539,2025-07-12 20:17:31.787427+00:00
3,653.9554,2025-07-12 20:17:39.089275+00:00
3,661.5235,2025-07-12 20:17:46.384976+00:00
3,663.3773,2025-07-12 20:17:53.684979+00:00
3,846.5808,2025-07-12 20:18:00.974817+00:00
3,902.0768,2025-07-12 20:18:08.278431+00:00
3,900.9203,2025-07-12 20:18:15.583584+00:00
3,902.0296,2025-07-12 20:18:22.883285+00:00
3,902.9828,2025-07-12 20:18:30.207560+00:00
3,901.9858,2025-07-12 20:18:37.515630+00:00
3,895.1814,2025-07-12 20:18:44.832502+00:00
3,887.0237,2025-07-12 20:18:52.138559+00:00
3,884.0489,2025-07-12 20:18:59.448724+00:00
3,885.0139,2025-07-12 20:19:06.757576+00:00
3,729.6485,2025-07-12 20:19:14.070493+00:00
3,720.8427,2025-07-12 20:19:21.368450+00:00
3,248.7615,2025-07-12 20:19:28.684202+00:00
3,452.3225,2025-07-12 20:20:27.135221+00:00
3,651.4526,2025-07-12 20:20:34.437160+00:00
3,652.5283,2025-07-12 20:20:41.724948+00:00
3,1037.8632,2025-07-12 20:20:49.030564+00:00
3,1040.1559,2025-07-12 20:20:56.332993+00:00
3,1037.1147,2025-07-12 20:21:03.647289+00:00
3,1039.7219,2025-07-12 20:21:10.955623+00:00
3,1038.252,2025-07-12 20:21:18.266166+00:00
3,1033.8938,2025-07-12 20:21:25.567243+00:00
3,1035.7841,2025-07-12 20:21:32.865340+00:00
3,1035.4307,2025-07-12 20:21:40.168645+00:00
3,1035.1807,2025-07-12 20:21:47.462360+00:00
3,1031.1469,2025-07-12 20:21:54.768970+00:00
3,1034.693,2025-07-12 20:22:02.064478+00:00
3,1034.9248,2025-07-12 20:22:09.371063+00:00
3,1032.1696,2025-07-12 20:22:16.688953+00:00
3,1092.87,2025-07-12 20:22:24.001142+00:00
3,1031.0126,2025-07-12 20:22:31.308941+00:00
3,1033.6788,2025-07-12 20:22:38.598834+00:00
3,1034.756,2025-07-12 20:22:45.912945+00:00
3,1039.5029,2025-07-12 20:22:53.212219+00:00
3,1041.576,2025-07-12 20:23:00.520980+00:00
3,1040.2784,2025-07-12 20:23:07.826747+00:00
3,1041.9629,2025-07-12 20:23:15.142587+00:00
3,1042.1273,2025-07-12 20:23:22.449007+00:00
3,1040.8492,2025-07-12 20:23:29.772430+00:00
3,1037.6176,2025-07-12 20:23:37.072869+00:00
3,1037.3372,2025-07-12 20:23:44.372239+00:00
3,1038.157,2025-07-12 20:23:51.680119+00:00
3,256.3168,2025-07-12 20:24:06.289298+00:00
3,268.9517,2025-07-12 20:24:13.586942+00:00
3,281.4759,2025-07-12 20:24:20.900976+00:00
3,280.8494,2025-07-12 20:24:28.208075+00:00
3,282.1117,2025-07-12 20:24:35.515560+00:00
3,280.7692,2025-07-12 20:24:42.919429+00:00
3,286.1209,2025-07-12 20:24:50.208717+00:00
3,287.1174,2025-07-12 20:24:57.516455+00:00
3,283.9453,2025-07-12 20:25:04.822749+00:00
3,283.9015,2025-07-12 20:25:12.119920+00:00
3,285.1706,2025-07-12 20:25:19.426055+00:00
3,283.8291,2025-07-12 20:25:26.733381+00:00
3,294.6865,2025-07-12 20:25:34.028142+00:00
3,278.4701,2025-07-12 20:25:41.342600+00:00
3,172.3849,2025-07-12 20:26:17.869358+00:00
3,170.9282,2025-07-12 20:26:25.175427+00:00
3,170.4263,2025-07-12 20:26:32.484978+00:00
3,167.0942,2025-07-12 20:26:39.790984+00:00
3,152.8851,2025-07-12 20:26:47.181220+00:00
3,164.5943,2025-07-12 20:26:54.481039+00:00
3,165.767,2025-07-12 20:27:01.763055+00:00
3,244.0048,2025-07-12 20:27:09.066123+00:00
3,245.4644,2025-07-12 20:27:16.374878+00:00
3,248.9746,2025-07-12 20:27:23.681875+00:00
3,248.9441,2025-07-12 20:27:31.000516+00:00
3,249.5671,2025-07-12 20:27:38.308354+00:00
3,331.7816,2025-07-12 20:27:45.611669+00:00
3,330.0671,2025-07-12 20:27:52.926121+00:00
3,328.9466,2025-07-12 20:28:00.244186+00:00
3,328.3251,2025-07-12 20:28:07.540551+00:00
3,331.9283,2025-07-12 20:28:14.848978+00:00
3,335.4542,2025-07-12 20:28:22.149558+00:00
3,336.4251,2025-07-12 20:28:29.466949+00:00
3,341.1666,2025-07-12 20:28:36.782055+00:00
3,336.5925,2025-07-12 20:28:44.077270+00:00
3,335.3479,2025-07-12 20:28:51.381015+00:00
3,213.9085,2025-07-12 20:28:58.692067+00:00
3,231.6908,2025-07-12 20:29:06.001117+00:00
3,234.3231,2025-07-12 20:29:13.296445+00:00
3,237.79,2025-07-12 20:29:20.600281+00:00
3,240.5197,2025-07-12 20:29:27.905259+00:00
3,223.6699,2025-07-12 20:29:35.194533+00:00
3,459.9684,2025-07-12 20:29:49.810945+00:00
3,459.0708,2025-07-12 20:29:57.105034+00:00
3,454.5867,2025-07-12 20:30:04.411875+00:00
3,454.3588,2025-07-12 20:30:11.727959+00:00
3,470.7618,2025-07-12 20:30:19.020982+00:00
3,841.9077,2025-07-12 20:30:26.324934+00:00
3,838.1687,2025-07-12 20:30:33.618869+00:00
3,838.4561,2025-07-12 20:30:40.923513+00:00
3,837.0482,2025-07-12 20:30:48.318615+00:00
3,835.9685,2025-07-12 20:30:55.630731+00:00
3,834.2756,2025-07-12 20:31:02.935194+00:00
3,831.5425,2025-07-12 20:31:10.229104+00:00
3,827.2414,2025-07-12 20:31:17.532932+00:00
3,827.1725,2025-07-12 20:31:24.837469+00:00
3,2432.3169,2025-07-12 20:31:32.039364+00:00
3,246.6287,2025-07-12 20:31:39.352615+00:00
3,251.8603,2025-07-12 20:31:46.665610+00:00
3,336.0339,2025-07-12 20:31:53.960068+00:00
3,667.5061,2025-07-12 20:32:01.266340+00:00
3,1601.9977,2025-07-12 20:32:08.573871+00:00
3,2615.4155,2025-07-12 20:32:15.881555+00:00
3,177.179,2025-07-12 20:32:30.496942+00:00
3,176.4428,2025-07-12 20:32:37.804822+00:00
3,173.8779,2025-07-12 20:32:45.108945+00:00
3,175.091,2025-07-12 20:32:52.417056+00:00
3,177.0072,2025-07-12 20:32:59.718200+00:00
3,178.3428,2025-07-12 20:33:07.024615+00:00
3,174.7593,2025-07-12 20:33:14.331960+00:00
3,168.4765,2025-07-12 20:33:21.635804+00:00
3,168.1591,2025-07-12 20:33:28.946265+00:00
3,170.9046,2025-07-12 20:33:36.245489+00:00
3,169.2998,2025-07-12 20:33:43.562112+00:00
3,173.6333,2025-07-12 20:33:50.858975+00:00
3,176.8222,2025-07-12 20:33:58.179279+00:00
3,178.4486,2025-07-12 20:34:05.480934+00:00
3,180.8152,2025-07-12 20:34:12.785953+00:00
3,180.5224,2025-07-12 20:34:20.085349+00:00
3,180.3024,2025-07-12 20:34:27.379332+00:00
3,240.7101,2025-07-12 20:34:34.675134+00:00
3,379.151,2025-07-12 20:34:41.984186+00:00
3,378.6465,2025-07-12 20:34:49.282313+00:00
3,379.0397,2025-07-12 20:34:56.590116+00:00
3,377.9832,2025-07-12 20:35:03.885219+00:00
3,376.7706,2025-07-12 20:35:11.183507+00:00
3,376.2633,2025-07-12 20:35:18.486177+00:00
3,378.6529,2025-07-12 20:35:25.885771+00:00
3,379.2892,2025-07-12 20:35:33.200915+00:00
3,445.5757,2025-07-12 20:35:40.498192+00:00
3,1057.9904,2025-07-12 20:35:47.808970+00:00
3,1053.9,2025-07-12 20:35:55.108929+00:00
3,1052.5935,2025-07-12 20:36:02.405289+00:00
3,1053.5354,2025-07-12 20:36:09.715747+00:00
3,1055.5112,2025-07-12 20:36:17.023357+00:00
3,1053.4742,2025-07-12 20:36:24.313054+00:00
3,1054.6962,2025-07-12 20:36:31.619792+00:00
3,1053.5291,2025-07-12 20:36:38.927555+00:00
3,1050.8519,2025-07-12 20:36:46.248239+00:00
3,1052.2784,2025-07-12 20:36:53.557307+00:00
3,1051.8062,2025-07-12 20:37:00.851307+00:00
3,1050.4095,2025-07-12 20:37:08.169147+00:00
3,1049.7323,2025-07-12 20:37:15.479413+00:00
3,1050.9631,2025-07-12 20:37:22.785842+00:00
3,1053.556,2025-07-12 20:37:30.099798+00:00
3,1055.0934,2025-07-12 20:37:37.407857+00:00
3,1054.8354,2025-07-12 20:37:44.713589+00:00
3,1053.1617,2025-07-12 20:37:52.020981+00:00
3,1049.4886,2025-07-12 20:37:59.333582+00:00
3,1050.3657,2025-07-12 20:38:06.633388+00:00
3,1050.937,2025-07-12 20:38:13.938064+00:00
3,1051.5039,2025-07-12 20:38:21.232949+00:00
3,1054.7065,2025-07-12 20:38:28.540934+00:00
3,1048.6733,2025-07-12 20:38:35.846113+00:00
3,1046.4579,2025-07-12 20:38:43.146127+00:00
3,1040.9648,2025-07-12 20:38:50.455301+00:00
3,1039.462,2025-07-12 20:38:57.761116+00:00
3,1047.097,2025-07-12 20:39:05.055695+00:00
3,1045.8934,2025-07-12 20:39:12.355410+00:00
3,1043.0352,2025-07-12 20:39:19.660949+00:00
3,1045.9618,2025-07-12 20:39:26.959182+00:00
3,1041.9098,2025-07-12 20:39:34.257811+00:00
3,1044.5928,2025-07-12 20:39:41.561449+00:00
3,1048.9666,2025-07-12 20:39:48.867623+00:00
3,1046.0233,2025-07-12 20:39:56.161364+00:00
3,1049.3131,2025-07-12 20:40:03.462940+00:00
3,1049.1364,2025-07-12 20:40:10.767386+00:00
3,1050.0394,2025-07-12 20:40:18.072958+00:00
3,1049.8997,2025-07-12 20:40:25.372790+00:00
3,1051.0817,2025-07-12 20:40:32.669046+00:00
3,1050.1605,2025-07-12 20:40:39.965420+00:00
3,1044.5933,2025-07-12 20:40:47.268966+00:00
3,472.5693,2025-07-12 20:40:54.576977+00:00
3,286.6681,2025-07-12 20:41:01.882651+00:00
3,292.19,2025-07-12 20:41:09.183415+00:00
3,291.3771,2025-07-12 20:41:16.487131+00:00
3,290.2162,2025-07-12 20:41:23.795895+00:00
3,293.1841,2025-07-12 20:41:31.102564+00:00
3,294.097,2025-07-12 20:41:38.402083+00:00
3,298.492,2025-07-12 20:41:45.698864+00:00
3,300.5834,2025-07-12 20:41:53.004476+00:00
3,302.1818,2025-07-12 20:42:00.309317+00:00
3,303.6498,2025-07-12 20:42:07.708332+00:00
3,302.1528,2025-07-12 20:42:15.020249+00:00
3,299.9403,2025-07-12 20:42:22.332487+00:00
3,296.09,2025-07-12 20:42:29.636340+00:00
3,296.3159,2025-07-12 20:42:36.946969+00:00
3,296.5541,2025-07-12 20:42:44.248277+00:00
3,296.6244,2025-07-12 20:42:51.564272+00:00
3,374.2254,2025-07-12 20:42:58.869770+00:00
3,293.4159,2025-07-12 20:43:06.266301+00:00
4,110.7779,2025-07-12 20:48:04.533801+00:00
4,249.6193,2025-07-12 20:48:11.844938+00:00
4,359.6645,2025-07-12 20:48:19.140171+00:00
4,524.3632,2025-07-12 20:48:26.526170+00:00
4,448.0746,2025-07-12 20:48:33.837460+00:00
4,447.2041,2025-07-12 20:48:41.145906+00:00
4,446.3134,2025-07-12 20:48:48.459916+00:00
4,450.4205,2025-07-12 20:48:55.756132+00:00
4,450.3127,2025-07-12 20:49:03.085135+00:00
4,451.0297,2025-07-12 20:49:10.384696+00:00
4,448.2552,2025-07-12 20:49:17.685908+00:00
4,443.8769,2025-07-12 20:49:25.014758+00:00
4,449.1769,2025-07-12 20:49:32.313598+00:00
4,445.899,2025-07-12 20:49:39.604940+00:00
4,522.4573,2025-07-12 20:49:47.011716+00:00
4,446.2154,2025-07-12 20:49:54.324706+00:00
4,451.0883,2025-07-12 20:50:01.623473+00:00
4,455.5143,2025-07-12 20:50:08.925555+00:00
4,455.6782,2025-07-12 20:50:16.234951+00:00
4,459.8021,2025-07-12 20:50:23.548083+00:00
4,459.369,2025-07-12 20:50:30.857449+00:00
4,461.3896,2025-07-12 20:50:38.153097+00:00
4,463.7935,2025-07-12 20:50:45.467476+00:00
4,464.0421,2025-07-12 20:50:52.778117+00:00
4,462.7094,2025-07-12 20:51:00.087983+00:00
4,459.1259,2025-07-12 20:51:07.391131+00:00
4,460.6706,2025-07-12 20:51:14.684126+00:00
4,458.777,2025-07-12 20:51:21.991819+00:00
4,457.7829,2025-07-12 20:51:29.372564+00:00
4,451.6281,2025-07-12 20:51:36.676981+00:00
4,446.677,2025-07-12 20:51:44.001013+00:00
4,450.5337,2025-07-12 20:51:51.405500+00:00
4,451.8255,2025-07-12 20:51:58.721075+00:00
4,449.113,2025-07-12 20:52:06.021851+00:00
4,329.7054,2025-07-12 20:52:13.335517+00:00
4,828.6685,2025-07-12 20:52:20.645310+00:00
4,830.3092,2025-07-12 20:52:27.949371+00:00
4,830.2861,2025-07-12 20:52:35.255765+00:00
5,312.643,2025-07-12 21:36:14.704514+00:00
5,455.9803,2025-07-12 21:36:22.014247+00:00
5,457.5743,2025-07-12 21:36:29.323691+00:00
5,456.7785,2025-07-12 21:36:36.616707+00:00
5,455.4016,2025-07-12 21:36:43.926460+00:00
5,454.5468,2025-07-12 21:36:51.234265+00:00
5,452.0912,2025-07-12 21:36:58.538666+00:00
5,450.4751,2025-07-12 21:37:05.845492+00:00
5,450.7507,2025-07-12 21:37:13.154661+00:00
5,450.8816,2025-07-12 21:37:20.463905+00:00
5,448.8571,2025-07-12 21:37:27.775600+00:00
5,449.891,2025-07-12 21:37:35.085667+00:00
5,449.8393,2025-07-12 21:37:42.401206+00:00
5,448.4412,2025-07-12 21:37:49.716103+00:00
5,447.0068,2025-07-12 21:37:57.016483+00:00
5,447.5953,2025-07-12 21:38:04.330784+00:00
5,448.8251,2025-07-12 21:38:11.638132+00:00
5,449.9195,2025-07-12 21:38:18.945429+00:00
5,449.7616,2025-07-12 21:38:26.264489+00:00
5,450.0308,2025-07-12 21:38:33.572876+00:00
5,450.3531,2025-07-12 21:38:40.883380+00:00
5,452.5932,2025-07-12 21:38:48.184913+00:00
5,447.2828,2025-07-12 21:38:55.487798+00:00
5,446.5609,2025-07-12 21:39:02.790427+00:00
5,445.7755,2025-07-12 21:39:10.187553+00:00
5,445.4325,2025-07-12 21:39:17.489695+00:00
5,448.5845,2025-07-12 21:39:24.802925+00:00
5,448.9934,2025-07-12 21:39:32.124548+00:00
5,450.8422,2025-07-12 21:39:39.420321+00:00
5,451.1198,2025-07-12 21:39:46.731035+00:00
5,451.8176,2025-07-12 21:39:54.042339+00:00
5,453.8284,2025-07-12 21:40:01.344456+00:00
5,457.3666,2025-07-12 21:40:08.643283+00:00
5,454.4479,2025-07-12 21:40:15.951848+00:00
5,449.3034,2025-07-12 21:40:23.251246+00:00
5,447.5614,2025-07-12 21:40:30.560990+00:00
5,448.5092,2025-07-12 21:40:37.865257+00:00
5,448.0953,2025-07-12 21:40:45.173470+00:00
5,449.8964,2025-07-12 21:40:52.479616+00:00
5,454.0208,2025-07-12 21:40:59.797134+00:00
5,453.9169,2025-07-12 21:41:07.092522+00:00
5,452.5282,2025-07-12 21:41:14.392484+00:00
5,451.3029,2025-07-12 21:41:21.701284+00:00
5,453.3805,2025-07-12 21:41:29.005541+00:00
5,454.5793,2025-07-12 21:41:36.318088+00:00
5,452.5828,2025-07-12 21:41:43.620646+00:00
5,450.8516,2025-07-12 21:41:50.924934+00:00
5,448.7739,2025-07-12 21:41:58.221113+00:00
5,446.8473,2025-07-12 21:42:05.523400+00:00
5,447.8074,2025-07-12 21:42:12.831143+00:00
5,447.1785,2025-07-12 21:42:20.125473+00:00
5,446.431,2025-07-12 21:42:27.440939+00:00
5,447.862,2025-07-12 21:42:34.750219+00:00
5,446.8552,2025-07-12 21:42:42.050846+00:00
5,446.2838,2025-07-12 21:42:49.355575+00:00
5,444.9576,2025-07-12 21:42:56.656705+00:00
5,442.9803,2025-07-12 21:43:03.965120+00:00
5,445.6003,2025-07-12 21:43:11.303836+00:00
5,445.4537,2025-07-12 21:43:18.605920+00:00
5,444.9847,2025-07-12 21:43:25.904936+00:00
5,446.43,2025-07-12 21:43:33.211314+00:00
5,448.7124,2025-07-12 21:43:40.520797+00:00
5,451.0686,2025-07-12 21:43:47.816137+00:00
5,453.9351,2025-07-12 21:43:55.118947+00:00
5,458.1205,2025-07-12 21:44:02.415475+00:00
5,453.2334,2025-07-12 21:44:09.725641+00:00
5,452.3225,2025-07-12 21:44:17.028364+00:00
5,450.6675,2025-07-12 21:44:24.337304+00:00
5,452.5897,2025-07-12 21:44:31.638814+00:00
5,455.1674,2025-07-12 21:44:38.936938+00:00
5,456.8282,2025-07-12 21:44:46.238868+00:00
5,457.9478,2025-07-12 21:44:53.535356+00:00
5,453.2752,2025-07-12 21:45:00.845948+00:00
5,453.0897,2025-07-12 21:45:08.145378+00:00
5,708.228,2025-07-12 21:45:15.450205+00:00
5,744.8955,2025-07-12 21:45:22.759056+00:00
5,747.3241,2025-07-12 21:45:30.063009+00:00
5,745.7818,2025-07-12 21:45:37.374134+00:00
5,741.9621,2025-07-12 21:45:44.691006+00:00
5,741.7977,2025-07-12 21:45:51.985864+00:00
5,743.4162,2025-07-12 21:45:59.284250+00:00
5,742.837,2025-07-12 21:46:06.584923+00:00
5,745.9476,2025-07-12 21:46:13.893506+00:00
5,746.0367,2025-07-12 21:46:21.175992+00:00
5,249.3953,2025-07-12 21:46:50.434307+00:00
5,248.9795,2025-07-12 21:46:57.741180+00:00
5,253.1359,2025-07-12 21:47:05.043254+00:00
5,253.8942,2025-07-12 21:47:12.338711+00:00
5,252.3308,2025-07-12 21:47:19.639877+00:00
5,145.3721,2025-07-12 21:47:34.252761+00:00
5,144.2299,2025-07-12 21:47:41.564602+00:00
5,143.3411,2025-07-12 21:47:48.874827+00:00
5,139.8526,2025-07-12 21:47:56.184680+00:00
5,412.2157,2025-07-12 21:48:03.496905+00:00
5,426.6271,2025-07-12 21:48:10.803391+00:00
5,426.4081,2025-07-12 21:48:18.104776+00:00
5,426.7929,2025-07-12 21:48:25.400520+00:00
5,426.9888,2025-07-12 21:48:32.714392+00:00
5,424.0243,2025-07-12 21:48:40.015905+00:00
5,422.2075,2025-07-12 21:48:47.317326+00:00
5,425.0927,2025-07-12 21:48:54.617069+00:00
5,424.0903,2025-07-12 21:49:01.917309+00:00
5,425.4283,2025-07-12 21:49:09.232299+00:00
5,426.7969,2025-07-12 21:49:16.543222+00:00
5,427.192,2025-07-12 21:49:23.840938+00:00
5,624.0471,2025-07-12 21:49:31.153240+00:00
5,624.8659,2025-07-12 21:49:38.452935+00:00
5,623.5545,2025-07-12 21:49:45.753496+00:00
5,626.1115,2025-07-12 21:49:53.056927+00:00
5,628.3141,2025-07-12 21:50:00.360220+00:00
5,628.3181,2025-07-12 21:50:07.668384+00:00
5,626.8772,2025-07-12 21:50:14.976936+00:00
5,627.603,2025-07-12 21:50:22.289120+00:00
5,725.8908,2025-07-12 21:50:29.611170+00:00
5,730.2366,2025-07-12 21:50:36.898184+00:00
5,729.0988,2025-07-12 21:50:44.192229+00:00
5,728.4424,2025-07-12 21:50:51.491732+00:00
5,795.3563,2025-07-12 21:50:58.776598+00:00
5,945.5157,2025-07-12 21:51:06.088024+00:00
5,944.0452,2025-07-12 21:51:13.396912+00:00
5,942.3672,2025-07-12 21:51:20.698242+00:00
5,941.1492,2025-07-12 21:51:28.000505+00:00
5,939.6655,2025-07-12 21:51:35.306733+00:00
5,942.1093,2025-07-12 21:51:42.617628+00:00
5,945.7396,2025-07-12 21:51:49.924307+00:00
5,946.6337,2025-07-12 21:51:57.234065+00:00
5,943.3548,2025-07-12 21:52:04.539022+00:00
5,942.7736,2025-07-12 21:52:11.828255+00:00
5,983.8553,2025-07-12 21:52:19.133849+00:00
5,985.5245,2025-07-12 21:52:26.452151+00:00
5,984.999,2025-07-12 21:52:33.774086+00:00
6,144.0035,2025-07-12 21:54:41.619960+00:00
6,145.9075,2025-07-12 21:54:48.932576+00:00
6,144.0257,2025-07-12 21:54:56.240264+00:00
6,143.8874,2025-07-12 21:55:03.553602+00:00
6,143.133,2025-07-12 21:55:10.862026+00:00
6,344.1503,2025-07-12 21:55:18.153625+00:00
6,341.8497,2025-07-12 21:55:25.449260+00:00
6,338.7267,2025-07-12 21:55:32.743446+00:00
6,338.6948,2025-07-12 21:55:40.052883+00:00
6,345.3549,2025-07-12 21:55:47.364980+00:00
6,347.909,2025-07-12 21:55:54.679224+00:00
6,425.2438,2025-07-12 21:56:02.080927+00:00
6,347.0424,2025-07-12 21:56:09.388020+00:00
6,426.7201,2025-07-12 21:56:16.682121+00:00
6,428.2628,2025-07-12 21:56:23.977996+00:00
6,427.4883,2025-07-12 21:56:31.280918+00:00
6,434.8354,2025-07-12 21:56:38.587282+00:00
6,470.3848,2025-07-12 21:56:45.883987+00:00
6,468.7781,2025-07-12 21:56:53.192378+00:00
6,468.0778,2025-07-12 21:57:00.503306+00:00
6,467.0213,2025-07-12 21:57:07.808502+00:00
6,469.3066,2025-07-12 21:57:15.117835+00:00
6,470.0532,2025-07-12 21:57:22.420546+00:00
6,469.3824,2025-07-12 21:57:29.736878+00:00
6,469.7574,2025-07-12 21:57:37.033868+00:00
6,470.4818,2025-07-12 21:57:44.424915+00:00
6,469.5709,2025-07-12 21:57:51.726483+00:00
6,470.5044,2025-07-12 21:57:59.028112+00:00
6,457.9596,2025-07-12 21:58:06.330865+00:00
6,350.4045,2025-07-12 21:58:13.634436+00:00
6,305.3165,2025-07-12 21:58:20.941610+00:00
6,305.5134,2025-07-12 21:58:28.251516+00:00
6,459.7351,2025-07-12 21:58:35.563869+00:00
6,458.9886,2025-07-12 21:58:42.859700+00:00
6,460.2071,2025-07-12 21:58:50.163435+00:00
6,453.7117,2025-07-12 21:58:57.472489+00:00
6,452.5469,2025-07-12 21:59:04.773096+00:00
6,492.885,2025-07-12 21:59:12.080376+00:00
6,491.5312,2025-07-12 21:59:19.394729+00:00
6,493.8677,2025-07-12 21:59:26.694030+00:00
6,493.074,2025-07-12 21:59:34.000304+00:00
6,506.7265,2025-07-12 21:59:41.306638+00:00
6,533.1783,2025-07-12 21:59:48.605232+00:00
6,530.0141,2025-07-12 21:59:55.905269+00:00
6,528.8099,2025-07-12 22:00:03.210247+00:00
6,523.5502,2025-07-12 22:00:10.508892+00:00
6,526.8754,2025-07-12 22:00:17.816464+00:00
6,527.1367,2025-07-12 22:00:25.122188+00:00
6,537.5906,2025-07-12 22:00:32.420219+00:00
6,563.6113,2025-07-12 22:00:39.720884+00:00
6,564.7313,2025-07-12 22:00:47.016972+00:00
6,566.932,2025-07-12 22:00:54.324734+00:00
6,567.6864,2025-07-12 22:01:01.638163+00:00
6,563.3441,2025-07-12 22:01:08.948507+00:00
6,563.8406,2025-07-12 22:01:16.252924+00:00
6,563.3445,2025-07-12 22:01:23.558055+00:00
6,570.1509,2025-07-12 22:01:30.863441+00:00
6,572.1183,2025-07-12 22:01:38.164679+00:00
6,573.4564,2025-07-12 22:01:45.464599+00:00
6,328.7143,2025-07-12 22:01:52.782710+00:00
6,545.449,2025-07-12 22:02:00.095313+00:00
6,545.4692,2025-07-12 22:02:07.411894+00:00
6,543.8236,2025-07-12 22:02:14.712025+00:00
6,540.2578,2025-07-12 22:02:22.012040+00:00
6,738.4927,2025-07-12 22:02:29.315311+00:00
6,738.8352,2025-07-12 22:02:36.612056+00:00
6,740.034,2025-07-12 22:02:43.922080+00:00
6,739.064,2025-07-12 22:02:51.224124+00:00
6,741.0315,2025-07-12 22:02:58.619309+00:00
6,738.8145,2025-07-12 22:03:05.925944+00:00
6,733.7429,2025-07-12 22:03:13.236223+00:00
6,732.4978,2025-07-12 22:03:20.543595+00:00
6,731.8837,2025-07-12 22:03:27.849556+00:00
6,729.9379,2025-07-12 22:03:35.154475+00:00
6,801.5883,2025-07-12 22:03:42.455310+00:00
6,730.9004,2025-07-12 22:03:49.764442+00:00
6,732.7508,2025-07-12 22:03:57.066155+00:00
6,735.0032,2025-07-12 22:04:04.380252+00:00
6,778.5272,2025-07-12 22:04:11.696795+00:00
6,453.3338,2025-07-12 22:04:19.092040+00:00
6,782.4035,2025-07-12 22:04:26.412555+00:00
6,874.8145,2025-07-12 22:04:33.717583+00:00
6,872.1753,2025-07-12 22:04:41.027013+00:00
6,872.3682,2025-07-12 22:04:48.313316+00:00
6,876.2864,2025-07-12 22:04:55.625388+00:00
6,877.0383,2025-07-12 22:05:02.918764+00:00
6,878.5885,2025-07-12 22:05:10.210814+00:00
6,882.1833,2025-07-12 22:05:17.520577+00:00
6,880.4344,2025-07-12 22:05:24.834586+00:00
6,881.7709,2025-07-12 22:05:32.142298+00:00
6,883.7438,2025-07-12 22:05:39.461203+00:00
6,880.0077,2025-07-12 22:05:46.764402+00:00
6,881.3182,2025-07-12 22:05:54.065417+00:00
6,879.8365,2025-07-12 22:06:01.372088+00:00
6,882.1366,2025-07-12 22:06:08.678629+00:00
6,879.7976,2025-07-12 22:06:15.986957+00:00
6,881.3531,2025-07-12 22:06:23.289739+00:00
6,880.7277,2025-07-12 22:06:30.600233+00:00
6,881.4019,2025-07-12 22:06:37.913275+00:00
6,878.6249,2025-07-12 22:06:45.214188+00:00
6,878.4335,2025-07-12 22:06:52.530841+00:00
6,877.0713,2025-07-12 22:06:59.939409+00:00
6,878.5166,2025-07-12 22:07:07.233485+00:00
6,875.7977,2025-07-12 22:07:14.535972+00:00
6,873.817,2025-07-12 22:07:21.845036+00:00
6,872.9484,2025-07-12 22:07:29.140172+00:00
6,871.1124,2025-07-12 22:07:36.447296+00:00
6,869.6449,2025-07-12 22:07:43.764901+00:00
6,869.1139,2025-07-12 22:07:51.064976+00:00
6,870.9234,2025-07-12 22:07:58.372564+00:00
6,890.9802,2025-07-12 22:08:05.677444+00:00
6,893.1573,2025-07-12 22:08:13.078472+00:00
6,895.8369,2025-07-12 22:08:20.389135+00:00
6,896.2059,2025-07-12 22:08:27.690887+00:00
6,898.6557,2025-07-12 22:08:35.000895+00:00
6,897.0258,2025-07-12 22:08:42.312931+00:00
6,897.5617,2025-07-12 22:08:49.623066+00:00
6,895.1046,2025-07-12 22:08:56.918533+00:00
6,894.5402,2025-07-12 22:09:04.224400+00:00
6,895.0751,2025-07-12 22:09:11.633759+00:00
6,892.8724,2025-07-12 22:09:18.937574+00:00
6,893.8561,2025-07-12 22:09:26.245847+00:00
6,897.326,2025-07-12 22:09:33.546586+00:00
6,897.4736,2025-07-12 22:09:40.858284+00:00
6,802.4471,2025-07-12 22:09:48.171127+00:00
6,799.084,2025-07-12 22:09:55.472924+00:00
6,794.472,2025-07-12 22:10:02.786898+00:00
6,760.1671,2025-07-12 22:10:10.090784+00:00
6,718.2006,2025-07-12 22:10:17.406958+00:00
6,716.1953,2025-07-12 22:10:24.721023+00:00
6,716.5058,2025-07-12 22:10:32.022471+00:00
6,703.8783,2025-07-12 22:10:39.336896+00:00
6,663.5225,2025-07-12 22:10:46.643294+00:00
6,655.008,2025-07-12 22:10:53.953458+00:00
6,452.3333,2025-07-12 22:11:01.264541+00:00
6,462.8822,2025-07-12 22:11:08.662573+00:00
6,238.0764,2025-07-12 22:11:15.964507+00:00
6,238.4459,2025-07-12 22:11:23.276189+00:00
6,240.0227,2025-07-12 22:11:30.579089+00:00
6,242.4601,2025-07-12 22:11:37.887598+00:00
6,325.7543,2025-07-12 22:11:45.284919+00:00
6,428.2417,2025-07-12 22:12:29.128773+00:00
6,425.1537,2025-07-12 22:12:36.435437+00:00
6,425.2034,2025-07-12 22:12:43.731417+00:00
6,425.8865,2025-07-12 22:12:51.045818+00:00
6,425.7935,2025-07-12 22:12:58.351304+00:00
6,571.7881,2025-07-12 22:13:05.667753+00:00
6,431.9487,2025-07-12 22:13:12.966642+00:00
6,432.4797,2025-07-12 22:13:20.267118+00:00
6,486.8158,2025-07-12 22:13:34.875807+00:00
6,444.7686,2025-07-12 22:13:42.182463+00:00
7,444.7455,2025-07-12 22:15:14.378479+00:00
7,443.6461,2025-07-12 22:15:21.705337+00:00
7,444.3159,2025-07-12 22:15:29.007409+00:00
7,444.592,2025-07-12 22:15:36.316979+00:00
7,447.4575,2025-07-12 22:15:43.622155+00:00
7,445.7411,2025-07-12 22:15:50.929291+00:00
7,446.556,2025-07-12 22:15:58.222105+00:00
7,445.6421,2025-07-12 22:16:05.520390+00:00
7,445.7514,2025-07-12 22:16:12.833490+00:00
7,445.9876,2025-07-12 22:16:20.141511+00:00
7,447.836,2025-07-12 22:16:27.436224+00:00
7,447.085,2025-07-12 22:16:34.749008+00:00
7,447.0107,2025-07-12 22:16:42.046403+00:00
7,446.7484,2025-07-12 22:16:49.352058+00:00
7,447.9221,2025-07-12 22:16:56.662059+00:00
7,448.7419,2025-07-12 22:17:03.971035+00:00
7,451.1916,2025-07-12 22:17:11.266719+00:00
7,452.5705,2025-07-12 22:17:18.565896+00:00
7,453.5149,2025-07-12 22:17:25.875616+00:00
7,452.3299,2025-07-12 22:17:33.182141+00:00
7,399.7998,2025-07-12 22:17:40.579130+00:00
7,737.8667,2025-07-12 22:17:47.888312+00:00
7,836.7785,2025-07-12 22:17:55.198551+00:00
7,837.2361,2025-07-12 22:18:02.501368+00:00
7,837.9113,2025-07-12 22:18:09.809164+00:00
7,835.78,2025-07-12 22:18:17.110204+00:00
7,837.8926,2025-07-12 22:18:24.408702+00:00
7,835.6122,2025-07-12 22:18:31.704191+00:00
7,837.1692,2025-07-12 22:18:39.010662+00:00
7,833.7481,2025-07-12 22:18:46.316940+00:00
7,834.5453,2025-07-12 22:18:53.630211+00:00
7,1030.9747,2025-07-12 22:19:01.031346+00:00
7,1094.0575,2025-07-12 22:19:08.335859+00:00
7,1030.2921,2025-07-12 22:19:15.628249+00:00
7,1026.9576,2025-07-12 22:19:22.930751+00:00
7,1027.209,2025-07-12 22:19:30.229584+00:00
7,1026.7366,2025-07-12 22:19:37.536212+00:00
7,1024.3209,2025-07-12 22:19:44.830881+00:00
7,1021.5838,2025-07-12 22:19:52.135221+00:00
7,1227.9434,2025-07-12 22:19:59.431715+00:00
7,1227.0015,2025-07-12 22:20:06.747797+00:00
7,1227.3365,2025-07-12 22:20:14.065182+00:00
7,1234.0317,2025-07-12 22:20:21.376068+00:00
7,1234.5071,2025-07-12 22:20:28.685078+00:00
7,1230.9221,2025-07-12 22:20:35.993635+00:00
7,1231.3256,2025-07-12 22:20:43.300995+00:00
7,1232.6396,2025-07-12 22:20:50.591078+00:00
7,1231.8108,2025-07-12 22:20:57.907317+00:00
7,1229.0546,2025-07-12 22:21:05.217995+00:00
7,1226.4346,2025-07-12 22:21:12.517445+00:00
7,1493.9524,2025-07-12 22:21:19.916934+00:00
7,1443.1732,2025-07-12 22:21:27.213364+00:00
7,1447.2366,2025-07-12 22:21:34.508765+00:00
7,1450.0559,2025-07-12 22:21:41.821910+00:00
7,1449.9501,2025-07-12 22:21:49.125074+00:00
7,1448.8463,2025-07-12 22:21:56.423000+00:00
7,1448.4841,2025-07-12 22:22:03.723864+00:00
7,1450.2335,2025-07-12 22:22:11.033158+00:00
7,1544.6661,2025-07-12 22:22:18.338218+00:00
7,1541.1943,2025-07-12 22:22:25.630947+00:00
7,1540.866,2025-07-12 22:22:32.928253+00:00
7,1538.5374,2025-07-12 22:22:40.228970+00:00
7,1539.8523,2025-07-12 22:22:47.525491+00:00
7,1542.0835,2025-07-12 22:22:54.836462+00:00
7,1586.4952,2025-07-12 22:23:02.143983+00:00
7,1586.9451,2025-07-12 22:23:09.452264+00:00
7,1586.3112,2025-07-12 22:23:16.746030+00:00
7,1581.5732,2025-07-12 22:23:24.064269+00:00
7,1626.6149,2025-07-12 22:23:31.372942+00:00
7,1591.7146,2025-07-12 22:23:38.680269+00:00
7,1588.2875,2025-07-12 22:23:45.969578+00:00
7,1586.791,2025-07-12 22:23:53.267073+00:00
7,1586.7148,2025-07-12 22:24:00.569459+00:00
7,1584.6592,2025-07-12 22:24:07.884666+00:00
7,1629.5326,2025-07-12 22:24:15.194302+00:00
7,1631.7653,2025-07-12 22:24:22.505539+00:00
7,1631.6152,2025-07-12 22:24:29.809901+00:00
7,1796.0098,2025-07-12 22:24:37.496411+00:00
7,1911.5164,2025-07-12 22:24:45.018218+00:00
7,1633.7219,2025-07-12 22:24:52.362625+00:00
7,1635.054,2025-07-12 22:24:59.681837+00:00
7,1634.8809,2025-07-12 22:25:06.983787+00:00
7,1634.3439,2025-07-12 22:25:14.310514+00:00
7,1632.5979,2025-07-12 22:25:21.615202+00:00
7,1631.0291,2025-07-12 22:25:28.920896+00:00
7,1631.25,2025-07-12 22:25:36.228945+00:00
7,1631.8282,2025-07-12 22:25:43.553218+00:00
7,1633.03,2025-07-12 22:25:50.863874+00:00
7,1636.9526,2025-07-12 22:25:58.170250+00:00
7,1635.2288,2025-07-12 22:26:05.464496+00:00
7,1632.1663,2025-07-12 22:26:12.793563+00:00
7,1630.4351,2025-07-12 22:26:20.088941+00:00
7,1632.3115,2025-07-12 22:26:27.398367+00:00
7,1648.4261,2025-07-12 22:26:34.708944+00:00
8,2384.6428,2025-07-12 22:29:36.090912+00:00
8,1331.9268,2025-07-12 22:29:43.399996+00:00
8,427.4223,2025-07-12 22:29:58.016570+00:00
8,325.5441,2025-07-12 22:30:05.327842+00:00
8,561.2467,2025-07-12 22:30:12.628460+00:00
8,513.2972,2025-07-12 22:30:19.931760+00:00
8,340.862,2025-07-12 22:30:27.246190+00:00
8,341.1263,2025-07-12 22:30:34.552922+00:00
8,345.1148,2025-07-12 22:30:41.868895+00:00
8,369.1134,2025-07-12 22:30:49.168944+00:00
8,351.1771,2025-07-12 22:30:56.471854+00:00
8,484.5138,2025-07-12 22:31:03.772933+00:00
8,520.9671,2025-07-12 22:31:11.084918+00:00
8,534.4253,2025-07-12 22:31:18.384720+00:00
8,582.1701,2025-07-12 22:31:25.691992+00:00
8,579.3946,2025-07-12 22:31:32.993005+00:00
8,506.3904,2025-07-12 22:31:40.307288+00:00
8,455.1743,2025-07-12 22:31:47.596190+00:00
8,468.6472,2025-07-12 22:31:54.906436+00:00
8,616.9125,2025-07-12 22:32:02.205770+00:00
8,631.3883,2025-07-12 22:32:09.508885+00:00
8,654.5774,2025-07-12 22:32:16.807566+00:00
8,707.4736,2025-07-12 22:32:24.116062+00:00
8,664.9516,2025-07-12 22:32:31.425213+00:00
8,708.5041,2025-07-12 22:32:38.739332+00:00
8,640.639,2025-07-12 22:32:46.040038+00:00
8,657.2688,2025-07-12 22:32:53.348938+00:00
8,671.658,2025-07-12 22:33:00.648938+00:00
8,573.1478,2025-07-12 22:33:07.958970+00:00
8,564.9094,2025-07-12 22:33:15.260908+00:00
8,349.6387,2025-07-12 22:33:22.566710+00:00
8,350.309,2025-07-12 22:33:29.876092+00:00
8,477.4284,2025-07-12 22:33:37.172336+00:00
8,516.2011,2025-07-12 22:33:44.481871+00:00
8,504.6789,2025-07-12 22:33:51.795034+00:00
8,496.2446,2025-07-12 22:33:59.102318+00:00
8,493.6,2025-07-12 22:34:06.419596+00:00
8,495.6497,2025-07-12 22:34:13.722410+00:00
8,566.3863,2025-07-12 22:34:21.023886+00:00
8,489.3305,2025-07-12 22:34:28.332748+00:00
8,487.0634,2025-07-12 22:34:35.640140+00:00
8,597.6597,2025-07-12 22:34:42.953791+00:00
8,597.5697,2025-07-12 22:34:50.268105+00:00
8,592.2544,2025-07-12 22:34:57.580575+00:00
8,591.436,2025-07-12 22:35:04.885645+00:00
8,587.5887,2025-07-12 22:35:12.194592+00:00
8,659.3312,2025-07-12 22:35:19.500936+00:00
8,663.5033,2025-07-12 22:35:26.801412+00:00
8,657.0847,2025-07-12 22:35:34.110135+00:00
8,652.8964,2025-07-12 22:35:41.404195+00:00
8,623.7651,2025-07-12 22:35:48.704204+00:00
8,487.429,2025-07-12 22:35:56.018431+00:00
8,581.7991,2025-07-12 22:36:03.327608+00:00
8,578.3002,2025-07-12 22:36:10.641813+00:00
8,579.931,2025-07-12 22:36:17.955246+00:00
8,576.9523,2025-07-12 22:36:25.260940+00:00
8,576.1832,2025-07-12 22:36:32.554552+00:00
8,578.0354,2025-07-12 22:36:39.852858+00:00
8,583.9511,2025-07-12 22:36:47.150067+00:00
8,580.6146,2025-07-12 22:36:54.459866+00:00
8,578.6914,2025-07-12 22:37:01.764854+00:00
8,577.6811,2025-07-12 22:37:09.063602+00:00
8,578.6161,2025-07-12 22:37:16.371926+00:00
8,580.1407,2025-07-12 22:37:23.684367+00:00
8,579.2633,2025-07-12 22:37:30.987384+00:00
8,579.6702,2025-07-12 22:37:38.295324+00:00
8,581.3193,2025-07-12 22:37:45.607450+00:00
8,577.3258,2025-07-12 22:37:52.906894+00:00
8,571.9653,2025-07-12 22:38:00.218611+00:00
8,329.105,2025-07-12 22:38:07.516247+00:00
8,250.9238,2025-07-12 22:38:22.127177+00:00
8,252.5035,2025-07-12 22:38:29.442718+00:00
8,253.6737,2025-07-12 22:38:36.753766+00:00
8,252.5601,2025-07-12 22:38:44.064538+00:00
8,252.1359,2025-07-12 22:38:51.378909+00:00
8,317.0169,2025-07-12 22:38:58.678613+00:00
8,460.5929,2025-07-12 22:39:05.978569+00:00
8,455.5714,2025-07-12 22:39:13.284925+00:00
8,449.5529,2025-07-12 22:39:20.588169+00:00
8,451.0716,2025-07-12 22:39:27.901467+00:00
8,545.6784,2025-07-12 22:39:35.208925+00:00
8,546.4805,2025-07-12 22:39:42.505321+00:00
8,546.0952,2025-07-12 22:39:49.805444+00:00
8,616.847,2025-07-12 22:39:57.120883+00:00
8,543.7237,2025-07-12 22:40:04.428452+00:00
9,250.1798,2025-07-12 22:41:00.371335+00:00
9,251.1906,2025-07-12 22:41:07.679972+00:00
9,252.3278,2025-07-12 22:41:14.995538+00:00
9,251.3101,2025-07-12 22:41:22.305980+00:00
9,248.3457,2025-07-12 22:41:29.620710+00:00
9,247.6577,2025-07-12 22:41:36.927413+00:00
9,256.8035,2025-07-12 22:41:44.227914+00:00
9,447.6741,2025-07-12 22:41:51.514019+00:00
9,450.6346,2025-07-12 22:41:58.804788+00:00
9,449.5716,2025-07-12 22:42:06.096739+00:00
9,449.3536,2025-07-12 22:42:13.383142+00:00
9,450.7394,2025-07-12 22:42:20.686919+00:00
9,451.7669,2025-07-12 22:42:28.000908+00:00
9,451.5337,2025-07-12 22:42:35.300887+00:00
9,491.9751,2025-07-12 22:42:42.607720+00:00
9,488.6711,2025-07-12 22:42:49.914146+00:00
9,487.5958,2025-07-12 22:42:57.227770+00:00
9,485.4212,2025-07-12 22:43:04.541073+00:00
9,485.7593,2025-07-12 22:43:11.842253+00:00
9,490.2655,2025-07-12 22:43:19.146967+00:00
9,493.0937,2025-07-12 22:43:26.456919+00:00
9,589.3525,2025-07-12 22:43:33.765886+00:00
9,588.1178,2025-07-12 22:43:41.072835+00:00
9,587.0715,2025-07-12 22:43:48.379257+00:00
9,588.2905,2025-07-12 22:43:55.688195+00:00
9,588.3318,2025-07-12 22:44:02.996944+00:00
9,587.8579,2025-07-12 22:44:10.289631+00:00
9,589.7461,2025-07-12 22:44:17.580485+00:00
9,587.8924,2025-07-12 22:44:24.879611+00:00
9,588.7043,2025-07-12 22:44:32.169623+00:00
9,697.7791,2025-07-12 22:44:39.467453+00:00
9,792.9991,2025-07-12 22:44:46.761605+00:00
9,800.1489,2025-07-12 22:44:54.055955+00:00
9,797.6702,2025-07-12 22:45:01.350529+00:00
9,797.9211,2025-07-12 22:45:08.661374+00:00
9,797.1899,2025-07-12 22:45:15.960930+00:00
9,796.1727,2025-07-12 22:45:23.275045+00:00
9,797.5629,2025-07-12 22:45:30.564530+00:00
9,798.1426,2025-07-12 22:45:37.871654+00:00
9,796.2829,2025-07-12 22:45:45.172936+00:00
9,800.1735,2025-07-12 22:45:52.476243+00:00
9,801.4633,2025-07-12 22:45:59.777531+00:00
9,800.7035,2025-07-12 22:46:07.087456+00:00
9,800.7237,2025-07-12 22:46:14.373709+00:00
9,798.8822,2025-07-12 22:46:21.683311+00:00
9,800.8192,2025-07-12 22:46:28.979413+00:00
9,803.3845,2025-07-12 22:46:36.274019+00:00
9,800.9068,2025-07-12 22:46:43.583894+00:00
9,798.5338,2025-07-12 22:46:50.896880+00:00
9,797.5383,2025-07-12 22:46:58.206441+00:00
9,797.273,2025-07-12 22:47:05.501136+00:00
9,798.8847,2025-07-12 22:47:12.800108+00:00
9,798.0009,2025-07-12 22:47:20.093095+00:00
9,795.9571,2025-07-12 22:47:27.384307+00:00
9,794.3824,2025-07-12 22:47:34.680101+00:00
9,915.655,2025-07-12 22:47:41.988592+00:00
9,917.5059,2025-07-12 22:47:49.300158+00:00
9,917.7686,2025-07-12 22:47:56.614016+00:00
9,917.7952,2025-07-12 22:48:03.915713+00:00
9,915.8617,2025-07-12 22:48:11.217797+00:00
9,916.3007,2025-07-12 22:48:18.512919+00:00
9,915.9636,2025-07-12 22:48:25.816142+00:00
9,915.1654,2025-07-12 22:48:33.117113+00:00
9,914.9065,2025-07-12 22:48:40.429311+00:00
9,913.0976,2025-07-12 22:48:47.746011+00:00
9,914.349,2025-07-12 22:48:55.040744+00:00
9,913.4046,2025-07-12 22:49:02.331096+00:00
9,912.944,2025-07-12 22:49:09.633501+00:00
9,914.4312,2025-07-12 22:49:16.942574+00:00
9,918.712,2025-07-12 22:49:24.246328+00:00
9,915.1462,2025-07-12 22:49:31.559251+00:00
9,916.8484,2025-07-12 22:49:38.854110+00:00
9,915.5109,2025-07-12 22:49:46.166250+00:00
9,915.6969,2025-07-12 22:49:53.496401+00:00
9,916.5974,2025-07-12 22:50:00.805805+00:00
9,913.3943,2025-07-12 22:50:08.115830+00:00
9,914.8869,2025-07-12 22:50:15.414742+00:00
9,913.5395,2025-07-12 22:50:22.710178+00:00
9,910.6498,2025-07-12 22:50:30.015650+00:00
9,908.8477,2025-07-12 22:50:37.340937+00:00
9,905.9733,2025-07-12 22:50:44.652926+00:00
9,911.2015,2025-07-12 22:50:51.965406+00:00
9,915.1172,2025-07-12 22:50:59.268293+00:00
9,916.5841,2025-07-12 22:51:06.574028+00:00
9,912.4898,2025-07-12 22:51:13.882845+00:00
9,909.0736,2025-07-12 22:51:21.185374+00:00
10,4350.7188,2025-07-12 22:51:59.511766+00:00
10,254.8666,2025-07-12 22:52:36.113550+00:00
10,256.7932,2025-07-12 22:52:43.403608+00:00
10,255.1382,2025-07-12 22:52:50.700921+00:00
10,255.8238,2025-07-12 22:52:58.013004+00:00
10,255.0142,2025-07-12 22:53:05.316103+00:00
10,252.5296,2025-07-12 22:53:12.622157+00:00
10,253.4966,2025-07-12 22:53:19.924391+00:00
10,252.2161,2025-07-12 22:53:27.224576+00:00
10,373.7988,2025-07-12 22:53:34.528435+00:00
10,374.407,2025-07-12 22:53:41.834450+00:00
10,371.729,2025-07-12 22:53:49.142583+00:00
10,370.4643,2025-07-12 22:53:56.439577+00:00
10,369.6616,2025-07-12 22:54:03.743154+00:00
10,371.355,2025-07-12 22:54:11.049923+00:00
10,367.5544,2025-07-12 22:54:18.347940+00:00
10,369.9815,2025-07-12 22:54:25.671565+00:00
10,368.2818,2025-07-12 22:54:32.971059+00:00
10,369.5302,2025-07-12 22:54:40.278862+00:00
10,368.4732,2025-07-12 22:54:47.587995+00:00
10,367.0481,2025-07-12 22:54:54.882499+00:00
10,367.7961,2025-07-12 22:55:02.188389+00:00
10,372.5282,2025-07-12 22:55:09.487644+00:00
10,373.7638,2025-07-12 22:55:16.789601+00:00
10,374.2392,2025-07-12 22:55:24.089270+00:00
10,374.0483,2025-07-12 22:55:31.392798+00:00
10,471.4291,2025-07-12 22:55:38.788892+00:00
10,466.1217,2025-07-12 22:55:46.091816+00:00
10,467.2777,2025-07-12 22:55:53.394627+00:00
10,470.0979,2025-07-12 22:56:00.693622+00:00
10,469.3017,2025-07-12 22:56:08.002135+00:00
10,467.5449,2025-07-12 22:56:15.316526+00:00
10,467.8869,2025-07-12 22:56:22.620615+00:00
10,464.605,2025-07-12 22:56:29.929402+00:00
10,465.4844,2025-07-12 22:56:37.233134+00:00
10,463.5066,2025-07-12 22:56:44.534434+00:00
10,466.9514,2025-07-12 22:56:51.832921+00:00
10,496.8002,2025-07-12 22:56:59.141523+00:00
10,485.6402,2025-07-12 22:57:06.440462+00:00
10,484.3154,2025-07-12 22:57:13.743444+00:00
10,487.1229,2025-07-12 22:57:21.052554+00:00
10,485.8917,2025-07-12 22:57:28.346956+00:00
10,488.7306,2025-07-12 22:57:35.637513+00:00
10,487.7228,2025-07-12 22:57:50.203785+00:00
10,490.8004,2025-07-12 22:57:57.497617+00:00
10,492.4042,2025-07-12 22:58:04.817723+00:00
10,494.508,2025-07-12 22:58:12.120197+00:00
10,496.8455,2025-07-12 22:58:19.409783+00:00
10,493.6679,2025-07-12 22:58:26.727826+00:00
10,494.6497,2025-07-12 22:58:34.026100+00:00
10,469.158,2025-07-12 22:58:41.330383+00:00
10,255.4187,2025-07-12 22:58:48.632226+00:00
10,257.4782,2025-07-12 22:58:55.967670+00:00
10,259.424,2025-07-12 22:59:03.264879+00:00
10,257.5255,2025-07-12 22:59:10.558008+00:00
10,296.6205,2025-07-12 22:59:17.849859+00:00
10,293.8145,2025-07-12 22:59:25.146891+00:00
10,292.1453,2025-07-12 22:59:32.468070+00:00
10,298.0304,2025-07-12 22:59:39.764032+00:00
10,320.3057,2025-07-12 22:59:47.072557+00:00
10,285.3242,2025-07-12 22:59:54.373108+00:00
10,327.2198,2025-07-12 23:00:01.677273+00:00
10,324.2711,2025-07-12 23:00:08.986336+00:00
11,232.2862,2025-07-12 23:03:18.612929+00:00
11,235.4087,2025-07-12 23:03:25.907222+00:00
11,236.5602,2025-07-12 23:03:33.210857+00:00
11,238.0788,2025-07-12 23:03:40.501694+00:00
11,238.57,2025-07-12 23:03:47.796656+00:00
11,239.8179,2025-07-12 23:03:55.091773+00:00
11,241.2721,2025-07-12 23:04:02.401980+00:00
11,240.8676,2025-07-12 23:04:09.709187+00:00
11,245.1224,2025-07-12 23:04:17.002114+00:00
11,242.8754,2025-07-12 23:04:24.304887+00:00
11,245.4314,2025-07-12 23:04:31.619884+00:00
11,247.7812,2025-07-12 23:04:38.922660+00:00
11,242.2194,2025-07-12 23:04:46.227071+00:00
11,237.6507,2025-07-12 23:04:53.525083+00:00
11,238.6029,2025-07-12 23:05:00.832930+00:00
11,239.0842,2025-07-12 23:05:08.150287+00:00
11,238.4553,2025-07-12 23:05:15.468886+00:00
11,238.38,2025-07-12 23:05:22.768923+00:00
11,235.5957,2025-07-12 23:05:30.077473+00:00
11,234.5735,2025-07-12 23:05:37.389444+00:00
11,234.9864,2025-07-12 23:05:44.692628+00:00
11,298.3675,2025-07-12 23:05:51.995492+00:00
11,312.5668,2025-07-12 23:05:59.300895+00:00
11,313.7158,2025-07-12 23:06:06.609462+00:00
11,313.2843,2025-07-12 23:06:13.925124+00:00
11,312.83,2025-07-12 23:06:21.227289+00:00
11,310.2922,2025-07-12 23:06:28.541892+00:00
11,307.3854,2025-07-12 23:06:35.842933+00:00
11,310.089,2025-07-12 23:06:43.143335+00:00
11,314.6405,2025-07-12 23:06:50.439093+00:00
11,314.7133,2025-07-12 23:06:57.738900+00:00
11,314.0426,2025-07-12 23:07:05.029015+00:00
11,314.6956,2025-07-12 23:07:12.325574+00:00
11,313.0062,2025-07-12 23:07:19.619193+00:00
11,312.9226,2025-07-12 23:07:26.920993+00:00
11,4311.2627,2025-07-12 23:07:34.236017+00:00
11,310.7858,2025-07-12 23:07:41.540705+00:00
11,312.6691,2025-07-12 23:07:48.846167+00:00
11,313.9368,2025-07-12 23:07:56.147118+00:00
11,312.582,2025-07-12 23:08:03.453334+00:00
11,311.8591,2025-07-12 23:08:10.772888+00:00
11,311.5107,2025-07-12 23:08:18.084933+00:00
11,311.9049,2025-07-12 23:08:25.398374+00:00
11,312.9915,2025-07-12 23:08:32.689206+00:00
11,313.3999,2025-07-12 23:08:39.989134+00:00
11,313.0731,2025-07-12 23:08:47.303264+00:00
11,315.3614,2025-07-12 23:08:54.601716+00:00
11,317.4814,2025-07-12 23:09:01.894106+00:00
11,315.8073,2025-07-12 23:09:09.188755+00:00
11,313.9166,2025-07-12 23:09:16.488726+00:00
11,315.2783,2025-07-12 23:09:23.790310+00:00
11,312.9624,2025-07-12 23:09:31.094372+00:00
11,557.6705,2025-07-12 23:09:38.388921+00:00
11,560.2684,2025-07-12 23:09:45.700895+00:00
11,433.8527,2025-07-12 23:09:53.003187+00:00
12,535.3461,2025-07-12 23:10:29.778832+00:00
12,533.5942,2025-07-12 23:10:37.093236+00:00
12,608.5461,2025-07-12 23:10:44.497083+00:00
12,537.8524,2025-07-12 23:10:51.809821+00:00
12,537.8671,2025-07-12 23:10:59.107086+00:00
12,537.3524,2025-07-12 23:11:06.421004+00:00
12,539.4552,2025-07-12 23:11:13.724908+00:00
12,538.2239,2025-07-12 23:11:21.024965+00:00
12,536.5345,2025-07-12 23:11:28.328198+00:00
12,534.7398,2025-07-12 23:11:35.629848+00:00
12,530.9038,2025-07-12 23:11:42.934963+00:00
12,529.863,2025-07-12 23:11:50.243961+00:00
12,531.5898,2025-07-12 23:11:57.544228+00:00
12,534.5961,2025-07-12 23:12:04.836660+00:00
12,537.9542,2025-07-12 23:12:12.144062+00:00
12,538.1417,2025-07-12 23:12:19.441020+00:00
12,535.2673,2025-07-12 23:12:26.732930+00:00
12,531.4594,2025-07-12 23:12:34.049796+00:00
12,531.5312,2025-07-12 23:12:41.344401+00:00
12,530.2724,2025-07-12 23:12:48.646159+00:00
12,530.6253,2025-07-12 23:12:55.952980+00:00
12,535.2471,2025-07-12 23:13:03.254161+00:00
12,533.6207,2025-07-12 23:13:10.554017+00:00
12,534.85,2025-07-12 23:13:17.860921+00:00
12,533.8141,2025-07-12 23:13:25.160688+00:00
12,534.728,2025-07-12 23:13:32.466028+00:00
12,531.1868,2025-07-12 23:13:39.769086+00:00
12,530.327,2025-07-12 23:13:47.074894+00:00
12,534.9986,2025-07-12 23:13:54.377347+00:00
12,537.3558,2025-07-12 23:14:01.679071+00:00
12,536.6221,2025-07-12 23:14:08.983993+00:00
12,534.5272,2025-07-12 23:14:16.289199+00:00
12,546.1587,2025-07-12 23:14:23.693065+00:00
12,535.2038,2025-07-12 23:14:31.005535+00:00
12,537.7756,2025-07-12 23:14:38.301539+00:00
12,539.1515,2025-07-12 23:14:45.603106+00:00
12,535.3918,2025-07-12 23:14:52.900039+00:00
12,534.2875,2025-07-12 23:15:00.205838+00:00
12,533.6163,2025-07-12 23:15:07.510864+00:00
12,533.9819,2025-07-12 23:15:14.823667+00:00
12,534.4219,2025-07-12 23:15:22.116101+00:00
12,535.3923,2025-07-12 23:15:29.432013+00:00
12,540.9861,2025-07-12 23:15:36.731262+00:00
12,539.5054,2025-07-12 23:15:44.180919+00:00
12,539.3164,2025-07-12 23:15:51.504534+00:00
12,537.1993,2025-07-12 23:15:58.803904+00:00
12,533.6109,2025-07-12 23:16:06.107999+00:00
12,531.761,2025-07-12 23:16:13.408918+00:00
12,474.8729,2025-07-12 23:16:20.808927+00:00
12,623.1731,2025-07-12 23:16:28.721427+00:00
12,531.6459,2025-07-12 23:16:36.141580+00:00
12,865.6928,2025-07-12 23:16:43.452922+00:00
12,871.0691,2025-07-12 23:16:50.761431+00:00
12,875.2648,2025-07-12 23:16:58.066036+00:00
12,879.2489,2025-07-12 23:17:05.357201+00:00
12,877.7544,2025-07-12 23:17:12.666033+00:00
12,875.6821,2025-07-12 23:17:19.968742+00:00
12,873.0001,2025-07-12 23:17:27.260400+00:00
12,874.2323,2025-07-12 23:17:34.564928+00:00
12,873.3844,2025-07-12 23:17:41.854595+00:00
12,872.5351,2025-07-12 23:17:49.171614+00:00
12,875.3115,2025-07-12 23:17:56.473541+00:00
12,876.7957,2025-07-12 23:18:03.773851+00:00
12,872.5902,2025-07-12 23:18:11.080319+00:00
12,872.3003,2025-07-12 23:18:18.379796+00:00
12,872.7526,2025-07-12 23:18:25.700921+00:00
12,871.4957,2025-07-12 23:18:32.995262+00:00
12,867.5402,2025-07-12 23:18:40.313834+00:00
12,865.7513,2025-07-12 23:18:47.606127+00:00
12,866.9334,2025-07-12 23:18:54.908925+00:00
12,865.8803,2025-07-12 23:19:02.209478+00:00
12,866.5776,2025-07-12 23:19:09.512104+00:00
12,871.3732,2025-07-12 23:19:16.828985+00:00
12,872.7939,2025-07-12 23:19:24.127224+00:00
12,874.7338,2025-07-12 23:19:31.446244+00:00
12,874.3101,2025-07-12 23:19:38.740281+00:00
12,875.3302,2025-07-12 23:19:46.038598+00:00
12,878.9507,2025-07-12 23:19:53.357168+00:00
12,880.3684,2025-07-12 23:20:00.671483+00:00
12,949.3625,2025-07-12 23:20:07.981021+00:00
12,884.6842,2025-07-12 23:20:15.360109+00:00
12,881.5948,2025-07-12 23:20:22.664453+00:00
12,876.0443,2025-07-12 23:20:29.970338+00:00
12,875.5822,2025-07-12 23:20:37.284909+00:00
12,875.5187,2025-07-12 23:20:44.588241+00:00
12,876.1038,2025-07-12 23:20:51.899365+00:00
12,878.9192,2025-07-12 23:20:59.215441+00:00
12,877.0511,2025-07-12 23:21:06.516138+00:00
12,875.128,2025-07-12 23:21:13.808936+00:00
12,874.5586,2025-07-12 23:21:21.102476+00:00
12,873.3672,2025-07-12 23:21:28.404737+00:00
12,873.4597,2025-07-12 23:21:35.717604+00:00
12,874.1206,2025-07-12 23:21:43.035421+00:00
12,875.9783,2025-07-12 23:21:50.342284+00:00
12,875.1629,2025-07-12 23:21:57.642287+00:00
12,872.8323,2025-07-12 23:22:04.945883+00:00
12,869.2143,2025-07-12 23:22:12.258192+00:00
12,869.3009,2025-07-12 23:22:19.570478+00:00
12,869.2094,2025-07-12 23:22:26.874542+00:00
12,870.6326,2025-07-12 23:22:34.184915+00:00
12,871.2945,2025-07-12 23:22:41.484374+00:00
12,869.8521,2025-07-12 23:22:48.779848+00:00
12,872.5951,2025-07-12 23:22:56.595507+00:00
12,873.0488,2025-07-12 23:23:03.900896+00:00
12,871.85,2025-07-12 23:23:11.202336+00:00
12,869.3477,2025-07-12 23:23:18.495205+00:00
12,864.5285,2025-07-12 23:23:25.782876+00:00
12,864.6426,2025-07-12 23:23:33.087592+00:00
